<?xml version="1.0" encoding="UTF-8"?>
<metadata xml:lang="es"><Esri><CreaDate>20190201</CreaDate><CreaTime>13524600</CreaTime><ArcGISFormat>1.0</ArcGISFormat><SyncOnce>TRUE</SyncOnce><DataProperties><lineage><Process ToolSource="C:\Program Files (x86)\ArcGIS\Desktop10.0\ArcToolbox\Toolboxes\Data Management Tools.tbx\DefineProjection" Date="20190201" Time="135246">DefineProjection C_09 PROJCS['Lambert_Conformal_Conic',GEOGCS['GCS_WGS_1984',DATUM['D_WGS_1984',SPHEROID['WGS_1984',6378137.0,298.257223563]],PRIMEM['Greenwich',0.0],UNIT['Degree',0.0174532925199433]],PROJECTION['Lambert_Conformal_Conic'],PARAMETER['false_easting',2500000.0],PARAMETER['false_northing',0.0],PARAMETER['central_meridian',-102.0],PARAMETER['standard_parallel_1',17.5],PARAMETER['standard_parallel_2',29.5],PARAMETER['latitude_of_origin',12.0],UNIT['Meter',1.0]]</Process></lineage><itemProps><itemLocation><linkage Sync="TRUE">file://\\EMORA1\05_Enero_2019_ver5.0\Nuevos\C_09</linkage><protocol Sync="TRUE">Local Area Network</protocol></itemLocation></itemProps><copyHistory><copy source="\\EMORA1\05_Enero_2019_ver5.0\C_09" dest="\\EMORA1\05_Enero_2019_ver5.0\Nuevos\C_09" date="20190201" time="13561500"></copy></copyHistory></DataProperties></Esri></metadata>
